image,healthy,iron_deficiency,vitamin_b12_deficiency,vitamin_d_deficiency
synthetic_images\synthetic_iron_b12_0001.jpg,0,1,1,0
synthetic_images\synthetic_iron_b12_0002.jpg,0,1,1,0
synthetic_images\synthetic_iron_b12_0003.jpg,0,1,1,0
synthetic_images\synthetic_iron_b12_0004.jpg,0,1,1,0
synthetic_images\synthetic_iron_b12_0005.jpg,0,1,1,0
synthetic_images\synthetic_iron_b12_0006.jpg,0,1,1,0
synthetic_images\synthetic_iron_b12_0007.jpg,0,1,1,0
synthetic_images\synthetic_iron_b12_0008.jpg,0,1,1,0
synthetic_images\synthetic_iron_b12_0009.jpg,0,1,1,0
synthetic_images\synthetic_iron_b12_0010.jpg,0,1,1,0
synthetic_images\synthetic_iron_b12_0011.jpg,0,1,1,0
synthetic_images\synthetic_iron_b12_0012.jpg,0,1,1,0
synthetic_images\synthetic_iron_b12_0013.jpg,0,1,1,0
synthetic_images\synthetic_iron_b12_0014.jpg,0,1,1,0
synthetic_images\synthetic_iron_b12_0015.jpg,0,1,1,0
synthetic_images\synthetic_iron_b12_0016.jpg,0,1,1,0
synthetic_images\synthetic_iron_b12_0017.jpg,0,1,1,0
synthetic_images\synthetic_iron_b12_0018.jpg,0,1,1,0
synthetic_images\synthetic_iron_b12_0019.jpg,0,1,1,0
synthetic_images\synthetic_iron_b12_0020.jpg,0,1,1,0
synthetic_images\synthetic_iron_b12_0021.jpg,0,1,1,0
synthetic_images\synthetic_iron_b12_0022.jpg,0,1,1,0
synthetic_images\synthetic_iron_b12_0023.jpg,0,1,1,0
synthetic_images\synthetic_iron_b12_0024.jpg,0,1,1,0
synthetic_images\synthetic_iron_b12_0025.jpg,0,1,1,0
synthetic_images\synthetic_iron_b12_0026.jpg,0,1,1,0
synthetic_images\synthetic_iron_b12_0027.jpg,0,1,1,0
synthetic_images\synthetic_iron_b12_0028.jpg,0,1,1,0
synthetic_images\synthetic_iron_b12_0029.jpg,0,1,1,0
synthetic_images\synthetic_iron_b12_0030.jpg,0,1,1,0
synthetic_images\synthetic_iron_b12_0031.jpg,0,1,1,0
synthetic_images\synthetic_iron_b12_0032.jpg,0,1,1,0
synthetic_images\synthetic_iron_b12_0033.jpg,0,1,1,0
synthetic_images\synthetic_iron_b12_0034.jpg,0,1,1,0
synthetic_images\synthetic_iron_b12_0035.jpg,0,1,1,0
synthetic_images\synthetic_iron_b12_0036.jpg,0,1,1,0
synthetic_images\synthetic_iron_b12_0037.jpg,0,1,1,0
synthetic_images\synthetic_iron_b12_0038.jpg,0,1,1,0
synthetic_images\synthetic_iron_b12_0039.jpg,0,1,1,0
synthetic_images\synthetic_iron_b12_0040.jpg,0,1,1,0
synthetic_images\synthetic_iron_b12_0041.jpg,0,1,1,0
synthetic_images\synthetic_iron_b12_0042.jpg,0,1,1,0
synthetic_images\synthetic_iron_b12_0043.jpg,0,1,1,0
synthetic_images\synthetic_iron_b12_0044.jpg,0,1,1,0
synthetic_images\synthetic_iron_b12_0045.jpg,0,1,1,0
synthetic_images\synthetic_iron_b12_0046.jpg,0,1,1,0
synthetic_images\synthetic_iron_b12_0047.jpg,0,1,1,0
synthetic_images\synthetic_iron_b12_0048.jpg,0,1,1,0
synthetic_images\synthetic_iron_b12_0049.jpg,0,1,1,0
synthetic_images\synthetic_iron_b12_0050.jpg,0,1,1,0
synthetic_images\synthetic_iron_b12_0051.jpg,0,1,1,0
synthetic_images\synthetic_iron_b12_0052.jpg,0,1,1,0
synthetic_images\synthetic_iron_b12_0053.jpg,0,1,1,0
synthetic_images\synthetic_iron_b12_0054.jpg,0,1,1,0
synthetic_images\synthetic_iron_b12_0055.jpg,0,1,1,0
synthetic_images\synthetic_iron_b12_0056.jpg,0,1,1,0
synthetic_images\synthetic_iron_b12_0057.jpg,0,1,1,0
synthetic_images\synthetic_iron_b12_0058.jpg,0,1,1,0
synthetic_images\synthetic_iron_b12_0059.jpg,0,1,1,0
synthetic_images\synthetic_iron_b12_0060.jpg,0,1,1,0
synthetic_images\synthetic_iron_b12_0061.jpg,0,1,1,0
synthetic_images\synthetic_iron_b12_0062.jpg,0,1,1,0
synthetic_images\synthetic_iron_b12_0063.jpg,0,1,1,0
synthetic_images\synthetic_iron_b12_0064.jpg,0,1,1,0
synthetic_images\synthetic_iron_b12_0065.jpg,0,1,1,0
synthetic_images\synthetic_iron_b12_0066.jpg,0,1,1,0
synthetic_images\synthetic_iron_b12_0067.jpg,0,1,1,0
synthetic_images\synthetic_iron_b12_0068.jpg,0,1,1,0
synthetic_images\synthetic_iron_b12_0069.jpg,0,1,1,0
synthetic_images\synthetic_iron_b12_0070.jpg,0,1,1,0
synthetic_images\synthetic_iron_b12_0071.jpg,0,1,1,0
synthetic_images\synthetic_iron_b12_0072.jpg,0,1,1,0
synthetic_images\synthetic_iron_b12_0073.jpg,0,1,1,0
synthetic_images\synthetic_iron_b12_0074.jpg,0,1,1,0
synthetic_images\synthetic_iron_b12_0075.jpg,0,1,1,0
synthetic_images\synthetic_iron_b12_0076.jpg,0,1,1,0
synthetic_images\synthetic_iron_b12_0077.jpg,0,1,1,0
synthetic_images\synthetic_iron_b12_0078.jpg,0,1,1,0
synthetic_images\synthetic_iron_b12_0079.jpg,0,1,1,0
synthetic_images\synthetic_iron_b12_0080.jpg,0,1,1,0
synthetic_images\synthetic_iron_b12_0081.jpg,0,1,1,0
synthetic_images\synthetic_iron_b12_0082.jpg,0,1,1,0
synthetic_images\synthetic_iron_b12_0083.jpg,0,1,1,0
synthetic_images\synthetic_iron_b12_0084.jpg,0,1,1,0
synthetic_images\synthetic_iron_b12_0085.jpg,0,1,1,0
synthetic_images\synthetic_iron_b12_0086.jpg,0,1,1,0
synthetic_images\synthetic_iron_b12_0087.jpg,0,1,1,0
synthetic_images\synthetic_iron_b12_0088.jpg,0,1,1,0
synthetic_images\synthetic_iron_b12_0089.jpg,0,1,1,0
synthetic_images\synthetic_iron_b12_0090.jpg,0,1,1,0
synthetic_images\synthetic_iron_b12_0091.jpg,0,1,1,0
synthetic_images\synthetic_iron_b12_0092.jpg,0,1,1,0
synthetic_images\synthetic_iron_b12_0093.jpg,0,1,1,0
synthetic_images\synthetic_iron_b12_0094.jpg,0,1,1,0
synthetic_images\synthetic_iron_b12_0095.jpg,0,1,1,0
synthetic_images\synthetic_iron_b12_0096.jpg,0,1,1,0
synthetic_images\synthetic_iron_b12_0097.jpg,0,1,1,0
synthetic_images\synthetic_iron_b12_0098.jpg,0,1,1,0
synthetic_images\synthetic_iron_b12_0099.jpg,0,1,1,0
synthetic_images\synthetic_iron_b12_0100.jpg,0,1,1,0
synthetic_images\synthetic_iron_d_0001.jpg,0,1,0,1
synthetic_images\synthetic_iron_d_0002.jpg,0,1,0,1
synthetic_images\synthetic_iron_d_0003.jpg,0,1,0,1
synthetic_images\synthetic_iron_d_0004.jpg,0,1,0,1
synthetic_images\synthetic_iron_d_0005.jpg,0,1,0,1
synthetic_images\synthetic_iron_d_0006.jpg,0,1,0,1
synthetic_images\synthetic_iron_d_0007.jpg,0,1,0,1
synthetic_images\synthetic_iron_d_0008.jpg,0,1,0,1
synthetic_images\synthetic_iron_d_0009.jpg,0,1,0,1
synthetic_images\synthetic_iron_d_0010.jpg,0,1,0,1
synthetic_images\synthetic_iron_d_0011.jpg,0,1,0,1
synthetic_images\synthetic_iron_d_0012.jpg,0,1,0,1
synthetic_images\synthetic_iron_d_0013.jpg,0,1,0,1
synthetic_images\synthetic_iron_d_0014.jpg,0,1,0,1
synthetic_images\synthetic_iron_d_0015.jpg,0,1,0,1
synthetic_images\synthetic_iron_d_0016.jpg,0,1,0,1
synthetic_images\synthetic_iron_d_0017.jpg,0,1,0,1
synthetic_images\synthetic_iron_d_0018.jpg,0,1,0,1
synthetic_images\synthetic_iron_d_0019.jpg,0,1,0,1
synthetic_images\synthetic_iron_d_0020.jpg,0,1,0,1
synthetic_images\synthetic_iron_d_0021.jpg,0,1,0,1
synthetic_images\synthetic_iron_d_0022.jpg,0,1,0,1
synthetic_images\synthetic_iron_d_0023.jpg,0,1,0,1
synthetic_images\synthetic_iron_d_0024.jpg,0,1,0,1
synthetic_images\synthetic_iron_d_0025.jpg,0,1,0,1
synthetic_images\synthetic_iron_d_0026.jpg,0,1,0,1
synthetic_images\synthetic_iron_d_0027.jpg,0,1,0,1
synthetic_images\synthetic_iron_d_0028.jpg,0,1,0,1
synthetic_images\synthetic_iron_d_0029.jpg,0,1,0,1
synthetic_images\synthetic_iron_d_0030.jpg,0,1,0,1
synthetic_images\synthetic_iron_d_0031.jpg,0,1,0,1
synthetic_images\synthetic_iron_d_0032.jpg,0,1,0,1
synthetic_images\synthetic_iron_d_0033.jpg,0,1,0,1
synthetic_images\synthetic_iron_d_0034.jpg,0,1,0,1
synthetic_images\synthetic_iron_d_0035.jpg,0,1,0,1
synthetic_images\synthetic_iron_d_0036.jpg,0,1,0,1
synthetic_images\synthetic_iron_d_0037.jpg,0,1,0,1
synthetic_images\synthetic_iron_d_0038.jpg,0,1,0,1
synthetic_images\synthetic_iron_d_0039.jpg,0,1,0,1
synthetic_images\synthetic_iron_d_0040.jpg,0,1,0,1
synthetic_images\synthetic_iron_d_0041.jpg,0,1,0,1
synthetic_images\synthetic_iron_d_0042.jpg,0,1,0,1
synthetic_images\synthetic_iron_d_0043.jpg,0,1,0,1
synthetic_images\synthetic_iron_d_0044.jpg,0,1,0,1
synthetic_images\synthetic_iron_d_0045.jpg,0,1,0,1
synthetic_images\synthetic_iron_d_0046.jpg,0,1,0,1
synthetic_images\synthetic_iron_d_0047.jpg,0,1,0,1
synthetic_images\synthetic_iron_d_0048.jpg,0,1,0,1
synthetic_images\synthetic_iron_d_0049.jpg,0,1,0,1
synthetic_images\synthetic_iron_d_0050.jpg,0,1,0,1
synthetic_images\synthetic_iron_d_0051.jpg,0,1,0,1
synthetic_images\synthetic_iron_d_0052.jpg,0,1,0,1
synthetic_images\synthetic_iron_d_0053.jpg,0,1,0,1
synthetic_images\synthetic_iron_d_0054.jpg,0,1,0,1
synthetic_images\synthetic_iron_d_0055.jpg,0,1,0,1
synthetic_images\synthetic_iron_d_0056.jpg,0,1,0,1
synthetic_images\synthetic_iron_d_0057.jpg,0,1,0,1
synthetic_images\synthetic_iron_d_0058.jpg,0,1,0,1
synthetic_images\synthetic_iron_d_0059.jpg,0,1,0,1
synthetic_images\synthetic_iron_d_0060.jpg,0,1,0,1
synthetic_images\synthetic_iron_d_0061.jpg,0,1,0,1
synthetic_images\synthetic_iron_d_0062.jpg,0,1,0,1
synthetic_images\synthetic_iron_d_0063.jpg,0,1,0,1
synthetic_images\synthetic_iron_d_0064.jpg,0,1,0,1
synthetic_images\synthetic_iron_d_0065.jpg,0,1,0,1
synthetic_images\synthetic_iron_d_0066.jpg,0,1,0,1
synthetic_images\synthetic_iron_d_0067.jpg,0,1,0,1
synthetic_images\synthetic_iron_d_0068.jpg,0,1,0,1
synthetic_images\synthetic_iron_d_0069.jpg,0,1,0,1
synthetic_images\synthetic_iron_d_0070.jpg,0,1,0,1
synthetic_images\synthetic_iron_d_0071.jpg,0,1,0,1
synthetic_images\synthetic_iron_d_0072.jpg,0,1,0,1
synthetic_images\synthetic_iron_d_0073.jpg,0,1,0,1
synthetic_images\synthetic_iron_d_0074.jpg,0,1,0,1
synthetic_images\synthetic_iron_d_0075.jpg,0,1,0,1
synthetic_images\synthetic_iron_d_0076.jpg,0,1,0,1
synthetic_images\synthetic_iron_d_0077.jpg,0,1,0,1
synthetic_images\synthetic_iron_d_0078.jpg,0,1,0,1
synthetic_images\synthetic_iron_d_0079.jpg,0,1,0,1
synthetic_images\synthetic_iron_d_0080.jpg,0,1,0,1
synthetic_images\synthetic_iron_d_0081.jpg,0,1,0,1
synthetic_images\synthetic_iron_d_0082.jpg,0,1,0,1
synthetic_images\synthetic_iron_d_0083.jpg,0,1,0,1
synthetic_images\synthetic_iron_d_0084.jpg,0,1,0,1
synthetic_images\synthetic_iron_d_0085.jpg,0,1,0,1
synthetic_images\synthetic_iron_d_0086.jpg,0,1,0,1
synthetic_images\synthetic_iron_d_0087.jpg,0,1,0,1
synthetic_images\synthetic_iron_d_0088.jpg,0,1,0,1
synthetic_images\synthetic_iron_d_0089.jpg,0,1,0,1
synthetic_images\synthetic_iron_d_0090.jpg,0,1,0,1
synthetic_images\synthetic_iron_d_0091.jpg,0,1,0,1
synthetic_images\synthetic_iron_d_0092.jpg,0,1,0,1
synthetic_images\synthetic_iron_d_0093.jpg,0,1,0,1
synthetic_images\synthetic_iron_d_0094.jpg,0,1,0,1
synthetic_images\synthetic_iron_d_0095.jpg,0,1,0,1
synthetic_images\synthetic_iron_d_0096.jpg,0,1,0,1
synthetic_images\synthetic_iron_d_0097.jpg,0,1,0,1
synthetic_images\synthetic_iron_d_0098.jpg,0,1,0,1
synthetic_images\synthetic_iron_d_0099.jpg,0,1,0,1
synthetic_images\synthetic_iron_d_0100.jpg,0,1,0,1
synthetic_images\synthetic_b12_d_0001.jpg,0,0,1,1
synthetic_images\synthetic_b12_d_0002.jpg,0,0,1,1
synthetic_images\synthetic_b12_d_0003.jpg,0,0,1,1
synthetic_images\synthetic_b12_d_0004.jpg,0,0,1,1
synthetic_images\synthetic_b12_d_0005.jpg,0,0,1,1
synthetic_images\synthetic_b12_d_0006.jpg,0,0,1,1
synthetic_images\synthetic_b12_d_0007.jpg,0,0,1,1
synthetic_images\synthetic_b12_d_0008.jpg,0,0,1,1
synthetic_images\synthetic_b12_d_0009.jpg,0,0,1,1
synthetic_images\synthetic_b12_d_0010.jpg,0,0,1,1
synthetic_images\synthetic_b12_d_0011.jpg,0,0,1,1
synthetic_images\synthetic_b12_d_0012.jpg,0,0,1,1
synthetic_images\synthetic_b12_d_0013.jpg,0,0,1,1
synthetic_images\synthetic_b12_d_0014.jpg,0,0,1,1
synthetic_images\synthetic_b12_d_0015.jpg,0,0,1,1
synthetic_images\synthetic_b12_d_0016.jpg,0,0,1,1
synthetic_images\synthetic_b12_d_0017.jpg,0,0,1,1
synthetic_images\synthetic_b12_d_0018.jpg,0,0,1,1
synthetic_images\synthetic_b12_d_0019.jpg,0,0,1,1
synthetic_images\synthetic_b12_d_0020.jpg,0,0,1,1
synthetic_images\synthetic_b12_d_0021.jpg,0,0,1,1
synthetic_images\synthetic_b12_d_0022.jpg,0,0,1,1
synthetic_images\synthetic_b12_d_0023.jpg,0,0,1,1
synthetic_images\synthetic_b12_d_0024.jpg,0,0,1,1
synthetic_images\synthetic_b12_d_0025.jpg,0,0,1,1
synthetic_images\synthetic_b12_d_0026.jpg,0,0,1,1
synthetic_images\synthetic_b12_d_0027.jpg,0,0,1,1
synthetic_images\synthetic_b12_d_0028.jpg,0,0,1,1
synthetic_images\synthetic_b12_d_0029.jpg,0,0,1,1
synthetic_images\synthetic_b12_d_0030.jpg,0,0,1,1
synthetic_images\synthetic_b12_d_0031.jpg,0,0,1,1
synthetic_images\synthetic_b12_d_0032.jpg,0,0,1,1
synthetic_images\synthetic_b12_d_0033.jpg,0,0,1,1
synthetic_images\synthetic_b12_d_0034.jpg,0,0,1,1
synthetic_images\synthetic_b12_d_0035.jpg,0,0,1,1
synthetic_images\synthetic_b12_d_0036.jpg,0,0,1,1
synthetic_images\synthetic_b12_d_0037.jpg,0,0,1,1
synthetic_images\synthetic_b12_d_0038.jpg,0,0,1,1
synthetic_images\synthetic_b12_d_0039.jpg,0,0,1,1
synthetic_images\synthetic_b12_d_0040.jpg,0,0,1,1
synthetic_images\synthetic_b12_d_0041.jpg,0,0,1,1
synthetic_images\synthetic_b12_d_0042.jpg,0,0,1,1
synthetic_images\synthetic_b12_d_0043.jpg,0,0,1,1
synthetic_images\synthetic_b12_d_0044.jpg,0,0,1,1
synthetic_images\synthetic_b12_d_0045.jpg,0,0,1,1
synthetic_images\synthetic_b12_d_0046.jpg,0,0,1,1
synthetic_images\synthetic_b12_d_0047.jpg,0,0,1,1
synthetic_images\synthetic_b12_d_0048.jpg,0,0,1,1
synthetic_images\synthetic_b12_d_0049.jpg,0,0,1,1
synthetic_images\synthetic_b12_d_0050.jpg,0,0,1,1
synthetic_images\synthetic_b12_d_0051.jpg,0,0,1,1
synthetic_images\synthetic_b12_d_0052.jpg,0,0,1,1
synthetic_images\synthetic_b12_d_0053.jpg,0,0,1,1
synthetic_images\synthetic_b12_d_0054.jpg,0,0,1,1
synthetic_images\synthetic_b12_d_0055.jpg,0,0,1,1
synthetic_images\synthetic_b12_d_0056.jpg,0,0,1,1
synthetic_images\synthetic_b12_d_0057.jpg,0,0,1,1
synthetic_images\synthetic_b12_d_0058.jpg,0,0,1,1
synthetic_images\synthetic_b12_d_0059.jpg,0,0,1,1
synthetic_images\synthetic_b12_d_0060.jpg,0,0,1,1
synthetic_images\synthetic_b12_d_0061.jpg,0,0,1,1
synthetic_images\synthetic_b12_d_0062.jpg,0,0,1,1
synthetic_images\synthetic_b12_d_0063.jpg,0,0,1,1
synthetic_images\synthetic_b12_d_0064.jpg,0,0,1,1
synthetic_images\synthetic_b12_d_0065.jpg,0,0,1,1
synthetic_images\synthetic_b12_d_0066.jpg,0,0,1,1
synthetic_images\synthetic_b12_d_0067.jpg,0,0,1,1
synthetic_images\synthetic_b12_d_0068.jpg,0,0,1,1
synthetic_images\synthetic_b12_d_0069.jpg,0,0,1,1
synthetic_images\synthetic_b12_d_0070.jpg,0,0,1,1
synthetic_images\synthetic_b12_d_0071.jpg,0,0,1,1
synthetic_images\synthetic_b12_d_0072.jpg,0,0,1,1
synthetic_images\synthetic_b12_d_0073.jpg,0,0,1,1
synthetic_images\synthetic_b12_d_0074.jpg,0,0,1,1
synthetic_images\synthetic_b12_d_0075.jpg,0,0,1,1
synthetic_images\synthetic_b12_d_0076.jpg,0,0,1,1
synthetic_images\synthetic_b12_d_0077.jpg,0,0,1,1
synthetic_images\synthetic_b12_d_0078.jpg,0,0,1,1
synthetic_images\synthetic_b12_d_0079.jpg,0,0,1,1
synthetic_images\synthetic_b12_d_0080.jpg,0,0,1,1
synthetic_images\synthetic_b12_d_0081.jpg,0,0,1,1
synthetic_images\synthetic_b12_d_0082.jpg,0,0,1,1
synthetic_images\synthetic_b12_d_0083.jpg,0,0,1,1
synthetic_images\synthetic_b12_d_0084.jpg,0,0,1,1
synthetic_images\synthetic_b12_d_0085.jpg,0,0,1,1
synthetic_images\synthetic_b12_d_0086.jpg,0,0,1,1
synthetic_images\synthetic_b12_d_0087.jpg,0,0,1,1
synthetic_images\synthetic_b12_d_0088.jpg,0,0,1,1
synthetic_images\synthetic_b12_d_0089.jpg,0,0,1,1
synthetic_images\synthetic_b12_d_0090.jpg,0,0,1,1
synthetic_images\synthetic_b12_d_0091.jpg,0,0,1,1
synthetic_images\synthetic_b12_d_0092.jpg,0,0,1,1
synthetic_images\synthetic_b12_d_0093.jpg,0,0,1,1
synthetic_images\synthetic_b12_d_0094.jpg,0,0,1,1
synthetic_images\synthetic_b12_d_0095.jpg,0,0,1,1
synthetic_images\synthetic_b12_d_0096.jpg,0,0,1,1
synthetic_images\synthetic_b12_d_0097.jpg,0,0,1,1
synthetic_images\synthetic_b12_d_0098.jpg,0,0,1,1
synthetic_images\synthetic_b12_d_0099.jpg,0,0,1,1
synthetic_images\synthetic_b12_d_0100.jpg,0,0,1,1
synthetic_images\synthetic_iron_b12_d_0001.jpg,0,1,1,1
synthetic_images\synthetic_iron_b12_d_0002.jpg,0,1,1,1
synthetic_images\synthetic_iron_b12_d_0003.jpg,0,1,1,1
synthetic_images\synthetic_iron_b12_d_0004.jpg,0,1,1,1
synthetic_images\synthetic_iron_b12_d_0005.jpg,0,1,1,1
synthetic_images\synthetic_iron_b12_d_0006.jpg,0,1,1,1
synthetic_images\synthetic_iron_b12_d_0007.jpg,0,1,1,1
synthetic_images\synthetic_iron_b12_d_0008.jpg,0,1,1,1
synthetic_images\synthetic_iron_b12_d_0009.jpg,0,1,1,1
synthetic_images\synthetic_iron_b12_d_0010.jpg,0,1,1,1
synthetic_images\synthetic_iron_b12_d_0011.jpg,0,1,1,1
synthetic_images\synthetic_iron_b12_d_0012.jpg,0,1,1,1
synthetic_images\synthetic_iron_b12_d_0013.jpg,0,1,1,1
synthetic_images\synthetic_iron_b12_d_0014.jpg,0,1,1,1
synthetic_images\synthetic_iron_b12_d_0015.jpg,0,1,1,1
synthetic_images\synthetic_iron_b12_d_0016.jpg,0,1,1,1
synthetic_images\synthetic_iron_b12_d_0017.jpg,0,1,1,1
synthetic_images\synthetic_iron_b12_d_0018.jpg,0,1,1,1
synthetic_images\synthetic_iron_b12_d_0019.jpg,0,1,1,1
synthetic_images\synthetic_iron_b12_d_0020.jpg,0,1,1,1
synthetic_images\synthetic_iron_b12_d_0021.jpg,0,1,1,1
synthetic_images\synthetic_iron_b12_d_0022.jpg,0,1,1,1
synthetic_images\synthetic_iron_b12_d_0023.jpg,0,1,1,1
synthetic_images\synthetic_iron_b12_d_0024.jpg,0,1,1,1
synthetic_images\synthetic_iron_b12_d_0025.jpg,0,1,1,1
synthetic_images\synthetic_iron_b12_d_0026.jpg,0,1,1,1
synthetic_images\synthetic_iron_b12_d_0027.jpg,0,1,1,1
synthetic_images\synthetic_iron_b12_d_0028.jpg,0,1,1,1
synthetic_images\synthetic_iron_b12_d_0029.jpg,0,1,1,1
synthetic_images\synthetic_iron_b12_d_0030.jpg,0,1,1,1
synthetic_images\synthetic_iron_b12_d_0031.jpg,0,1,1,1
synthetic_images\synthetic_iron_b12_d_0032.jpg,0,1,1,1
synthetic_images\synthetic_iron_b12_d_0033.jpg,0,1,1,1
synthetic_images\synthetic_iron_b12_d_0034.jpg,0,1,1,1
synthetic_images\synthetic_iron_b12_d_0035.jpg,0,1,1,1
synthetic_images\synthetic_iron_b12_d_0036.jpg,0,1,1,1
synthetic_images\synthetic_iron_b12_d_0037.jpg,0,1,1,1
synthetic_images\synthetic_iron_b12_d_0038.jpg,0,1,1,1
synthetic_images\synthetic_iron_b12_d_0039.jpg,0,1,1,1
synthetic_images\synthetic_iron_b12_d_0040.jpg,0,1,1,1
synthetic_images\synthetic_iron_b12_d_0041.jpg,0,1,1,1
synthetic_images\synthetic_iron_b12_d_0042.jpg,0,1,1,1
synthetic_images\synthetic_iron_b12_d_0043.jpg,0,1,1,1
synthetic_images\synthetic_iron_b12_d_0044.jpg,0,1,1,1
synthetic_images\synthetic_iron_b12_d_0045.jpg,0,1,1,1
synthetic_images\synthetic_iron_b12_d_0046.jpg,0,1,1,1
synthetic_images\synthetic_iron_b12_d_0047.jpg,0,1,1,1
synthetic_images\synthetic_iron_b12_d_0048.jpg,0,1,1,1
synthetic_images\synthetic_iron_b12_d_0049.jpg,0,1,1,1
synthetic_images\synthetic_iron_b12_d_0050.jpg,0,1,1,1
synthetic_images\synthetic_iron_b12_d_0051.jpg,0,1,1,1
synthetic_images\synthetic_iron_b12_d_0052.jpg,0,1,1,1
synthetic_images\synthetic_iron_b12_d_0053.jpg,0,1,1,1
synthetic_images\synthetic_iron_b12_d_0054.jpg,0,1,1,1
synthetic_images\synthetic_iron_b12_d_0055.jpg,0,1,1,1
synthetic_images\synthetic_iron_b12_d_0056.jpg,0,1,1,1
synthetic_images\synthetic_iron_b12_d_0057.jpg,0,1,1,1
synthetic_images\synthetic_iron_b12_d_0058.jpg,0,1,1,1
synthetic_images\synthetic_iron_b12_d_0059.jpg,0,1,1,1
synthetic_images\synthetic_iron_b12_d_0060.jpg,0,1,1,1
synthetic_images\synthetic_iron_b12_d_0061.jpg,0,1,1,1
synthetic_images\synthetic_iron_b12_d_0062.jpg,0,1,1,1
synthetic_images\synthetic_iron_b12_d_0063.jpg,0,1,1,1
synthetic_images\synthetic_iron_b12_d_0064.jpg,0,1,1,1
synthetic_images\synthetic_iron_b12_d_0065.jpg,0,1,1,1
synthetic_images\synthetic_iron_b12_d_0066.jpg,0,1,1,1
synthetic_images\synthetic_iron_b12_d_0067.jpg,0,1,1,1
synthetic_images\synthetic_iron_b12_d_0068.jpg,0,1,1,1
synthetic_images\synthetic_iron_b12_d_0069.jpg,0,1,1,1
synthetic_images\synthetic_iron_b12_d_0070.jpg,0,1,1,1
synthetic_images\synthetic_iron_b12_d_0071.jpg,0,1,1,1
synthetic_images\synthetic_iron_b12_d_0072.jpg,0,1,1,1
synthetic_images\synthetic_iron_b12_d_0073.jpg,0,1,1,1
synthetic_images\synthetic_iron_b12_d_0074.jpg,0,1,1,1
synthetic_images\synthetic_iron_b12_d_0075.jpg,0,1,1,1
synthetic_images\synthetic_iron_b12_d_0076.jpg,0,1,1,1
synthetic_images\synthetic_iron_b12_d_0077.jpg,0,1,1,1
synthetic_images\synthetic_iron_b12_d_0078.jpg,0,1,1,1
synthetic_images\synthetic_iron_b12_d_0079.jpg,0,1,1,1
synthetic_images\synthetic_iron_b12_d_0080.jpg,0,1,1,1
synthetic_images\synthetic_iron_b12_d_0081.jpg,0,1,1,1
synthetic_images\synthetic_iron_b12_d_0082.jpg,0,1,1,1
synthetic_images\synthetic_iron_b12_d_0083.jpg,0,1,1,1
synthetic_images\synthetic_iron_b12_d_0084.jpg,0,1,1,1
synthetic_images\synthetic_iron_b12_d_0085.jpg,0,1,1,1
synthetic_images\synthetic_iron_b12_d_0086.jpg,0,1,1,1
synthetic_images\synthetic_iron_b12_d_0087.jpg,0,1,1,1
synthetic_images\synthetic_iron_b12_d_0088.jpg,0,1,1,1
synthetic_images\synthetic_iron_b12_d_0089.jpg,0,1,1,1
synthetic_images\synthetic_iron_b12_d_0090.jpg,0,1,1,1
synthetic_images\synthetic_iron_b12_d_0091.jpg,0,1,1,1
synthetic_images\synthetic_iron_b12_d_0092.jpg,0,1,1,1
synthetic_images\synthetic_iron_b12_d_0093.jpg,0,1,1,1
synthetic_images\synthetic_iron_b12_d_0094.jpg,0,1,1,1
synthetic_images\synthetic_iron_b12_d_0095.jpg,0,1,1,1
synthetic_images\synthetic_iron_b12_d_0096.jpg,0,1,1,1
synthetic_images\synthetic_iron_b12_d_0097.jpg,0,1,1,1
synthetic_images\synthetic_iron_b12_d_0098.jpg,0,1,1,1
synthetic_images\synthetic_iron_b12_d_0099.jpg,0,1,1,1
synthetic_images\synthetic_iron_b12_d_0100.jpg,0,1,1,1
